USE tiefighter;

INSERT INTO tieModel VALUES('Tie Fighter S','Fighter',60000,'Sienar Industries');
INSERT INTO tieModel VALUES('Tie Fighter I','Interceptor',75000,'Sienar Industries');
INSERT INTO tieModel VALUES('Tie Fighter SV','Stealth Fighter',120000,'Sienar Industries');
INSERT INTO tieModel VALUES('Tie Fighter B','Strike Fighter',100000,'Sienar Industries');

INSERT INTO tieSpecifications VALUES('Tie Fighter S',6.3,6.7,7.8,30,1);
INSERT INTO tieSpecifications VALUES('Tie Fighter I',6.7,6.4,6.4,30,1);
INSERT INTO tieSpecifications VALUES('Tie Fighter SV',6.1,6.2,5.8,20,1);
INSERT INTO tieSpecifications VALUES('Tie Fighter B',8.3,6.2,6.8,50,2);

INSERT INTO tiePerformance VALUES('Tie Fighter S',225,200);
INSERT INTO tiePerformance VALUES('Tie Fighter I',250,300);
INSERT INTO tiePerformance VALUES('Tie Fighter SV',275,220);
INSERT INTO tiePerformance VALUES('Tie Fighter B',175,100);

INSERT INTO tieArmament VALUES('Tie Fighter S','L1 Laser',2,'None',0);
INSERT INTO tieArmament VALUES('Tie Fighter I','L1A1 Laser',4,'None',0);
INSERT INTO tieArmament VALUES('Tie Fighter SV','L2 Laser',3,'None',0);
INSERT INTO tieArmament VALUES('Tie Fighter B','L1 Laser',2,'Proton Bombs',8);

INSERT INTO tiePropulsion VALUES('Tie Fighter S','Ion Engine');
INSERT INTO tiePropulsion VALUES('Tie Fighter I','Hyper-Ion Engine');
INSERT INTO tiePropulsion VALUES('Tie Fighter SV','Tri-Ion Engine');
INSERT INTO tiePropulsion VALUES('Tie Fighter B','Ion Engine');

INSERT INTO tieConstruction VALUES('Tie Fighter S','Duranium Alloy');
INSERT INTO tieConstruction VALUES('Tie Fighter I','Alanium Graphite');
INSERT INTO tieConstruction VALUES('Tie Fighter SV','Enhanced Alanium Graphite');
INSERT INTO tieConstruction VALUES('Tie Fighter B','Duranium Alloy');

INSERT INTO tieInventory VALUES('TFB-51','Tie Fighter B','Damaged');
INSERT INTO tieInventory VALUES('TFSV-2','Tie Fighter SV','Operational');
INSERT INTO tieInventory VALUES('TFSV-3','Tie Fighter SV','Destroyed');
INSERT INTO tieInventory VALUES('TFS-20','Tie Fighter S','Destroyed');
INSERT INTO tieInventory VALUES('TFI-41','Tie Fighter I','Operational');
INSERT INTO tieInventory VALUES('TFB-56','Tie Fighter B','Destroyed');
INSERT INTO tieInventory VALUES('TFI-43','Tie Fighter I','Damaged');
INSERT INTO tieInventory VALUES('TFSV-8','Tie Fighter SV','Destroyed');
INSERT INTO tieInventory VALUES('TFB-59','Tie Fighter B','Damaged');
INSERT INTO tieInventory VALUES('TFSV-10','Tie Fighter SV','Damaged');
INSERT INTO tieInventory VALUES('TFI-47','Tie Fighter I','Damaged');
INSERT INTO tieInventory VALUES('TFI-48','Tie Fighter I','Destroyed');
INSERT INTO tieInventory VALUES('TFS-29','Tie Fighter S','Damaged');
INSERT INTO tieInventory VALUES('TFI-50','Tie Fighter I','Destroyed');
INSERT INTO tieInventory VALUES('TFS-31','Tie Fighter S','Operational');
INSERT INTO tieInventory VALUES('TFI-52','Tie Fighter I','Operational');
INSERT INTO tieInventory VALUES('TFSV-17','Tie Fighter SV','Operational');
INSERT INTO tieInventory VALUES('TFS-34','Tie Fighter S','Damaged');
INSERT INTO tieInventory VALUES('TFS-35','Tie Fighter S','Damaged');
INSERT INTO tieInventory VALUES('TFB-70','Tie Fighter B','Damaged');
INSERT INTO tieInventory VALUES('TFSV-21','Tie Fighter SV','Operational');
INSERT INTO tieInventory VALUES('TFI-58','Tie Fighter I','Damaged');
INSERT INTO tieInventory VALUES('TFI-59','Tie Fighter I','Operational');
INSERT INTO tieInventory VALUES('TFI-60','Tie Fighter I','Damaged');
INSERT INTO tieInventory VALUES('TFI-61','Tie Fighter I','Destroyed');
INSERT INTO tieInventory VALUES('TFB-76','Tie Fighter B','Destroyed');
INSERT INTO tieInventory VALUES('TFS-43','Tie Fighter S','Damaged');
INSERT INTO tieInventory VALUES('TFI-64','Tie Fighter I','Destroyed');
INSERT INTO tieInventory VALUES('TFI-65','Tie Fighter I','Damaged');
INSERT INTO tieInventory VALUES('TFB-80','Tie Fighter B','Destroyed');
INSERT INTO tieInventory VALUES('TFB-81','Tie Fighter B','Destroyed');
INSERT INTO tieInventory VALUES('TFB-82','Tie Fighter B','Damaged');
INSERT INTO tieInventory VALUES('TFSV-33','Tie Fighter SV','Destroyed');
INSERT INTO tieInventory VALUES('TFS-50','Tie Fighter S','Operational');
INSERT INTO tieInventory VALUES('TFB-85','Tie Fighter B','Damaged');
INSERT INTO tieInventory VALUES('TFB-86','Tie Fighter B','Damaged');
INSERT INTO tieInventory VALUES('TFSV-37','Tie Fighter SV','Operational');
INSERT INTO tieInventory VALUES('TFSV-38','Tie Fighter SV','Destroyed');
INSERT INTO tieInventory VALUES('TFSV-39','Tie Fighter SV','Destroyed');
INSERT INTO tieInventory VALUES('TFS-56','Tie Fighter S','Operational');
INSERT INTO tieInventory VALUES('TFS-57','Tie Fighter S','Destroyed');
INSERT INTO tieInventory VALUES('TFS-58','Tie Fighter S','Damaged');
INSERT INTO tieInventory VALUES('TFSV-43','Tie Fighter SV','Operational');
INSERT INTO tieInventory VALUES('TFB-94','Tie Fighter B','Destroyed');
INSERT INTO tieInventory VALUES('TFI-81','Tie Fighter I','Operational');
INSERT INTO tieInventory VALUES('TFI-82','Tie Fighter I','Operational');
INSERT INTO tieInventory VALUES('TFS-63','Tie Fighter S','Damaged');
INSERT INTO tieInventory VALUES('TFS-64','Tie Fighter S','Destroyed');
INSERT INTO tieInventory VALUES('TFS-65','Tie Fighter S','Damaged');
INSERT INTO tieInventory VALUES('TFB-100','Tie Fighter B','Operational');
INSERT INTO tieInventory VALUES('TFB-101','Tie Fighter B','Destroyed');
INSERT INTO tieInventory VALUES('TFSV-52','Tie Fighter SV','Destroyed');
INSERT INTO tieInventory VALUES('TFSV-53','Tie Fighter SV','Operational');
INSERT INTO tieInventory VALUES('TFI-90','Tie Fighter I','Operational');
INSERT INTO tieInventory VALUES('TFB-105','Tie Fighter B','Damaged');
INSERT INTO tieInventory VALUES('TFB-106','Tie Fighter B','Damaged');
INSERT INTO tieInventory VALUES('TFI-93','Tie Fighter I','Destroyed');
INSERT INTO tieInventory VALUES('TFB-108','Tie Fighter B','Destroyed');
INSERT INTO tieInventory VALUES('TFS-75','Tie Fighter S','Damaged');
INSERT INTO tieInventory VALUES('TFB-110','Tie Fighter B','Operational');
INSERT INTO tieInventory VALUES('TFSV-61','Tie Fighter SV','Destroyed');
INSERT INTO tieInventory VALUES('TFB-112','Tie Fighter B','Operational');
INSERT INTO tieInventory VALUES('TFB-113','Tie Fighter B','Operational');
INSERT INTO tieInventory VALUES('TFSV-64','Tie Fighter SV','Damaged');
INSERT INTO tieInventory VALUES('TFB-115','Tie Fighter B','Operational');
INSERT INTO tieInventory VALUES('TFS-82','Tie Fighter S','Operational');
INSERT INTO tieInventory VALUES('TFI-103','Tie Fighter I','Operational');
INSERT INTO tieInventory VALUES('TFI-104','Tie Fighter I','Destroyed');
INSERT INTO tieInventory VALUES('TFS-85','Tie Fighter S','Destroyed');
INSERT INTO tieInventory VALUES('TFSV-70','Tie Fighter SV','Operational');
INSERT INTO tieInventory VALUES('TFSV-71','Tie Fighter SV','Operational');
INSERT INTO tieInventory VALUES('TFB-122','Tie Fighter B','Destroyed');
INSERT INTO tieInventory VALUES('TFB-123','Tie Fighter B','Damaged');
INSERT INTO tieInventory VALUES('TFS-90','Tie Fighter S','Destroyed');
INSERT INTO tieInventory VALUES('TFI-111','Tie Fighter I','Damaged');
INSERT INTO tieInventory VALUES('TFSV-76','Tie Fighter SV','Operational');
INSERT INTO tieInventory VALUES('TFI-113','Tie Fighter I','Destroyed');
INSERT INTO tieInventory VALUES('TFS-94','Tie Fighter S','Damaged');
INSERT INTO tieInventory VALUES('TFI-115','Tie Fighter I','Operational');
INSERT INTO tieInventory VALUES('TFSV-80','Tie Fighter SV','Damaged');
INSERT INTO tieInventory VALUES('TFS-97','Tie Fighter S','Destroyed');
INSERT INTO tieInventory VALUES('TFSV-82','Tie Fighter SV','Damaged');
INSERT INTO tieInventory VALUES('TFI-119','Tie Fighter I','Destroyed');
INSERT INTO tieInventory VALUES('TFSV-84','Tie Fighter SV','Damaged');
INSERT INTO tieInventory VALUES('TFSV-85','Tie Fighter SV','Damaged');
INSERT INTO tieInventory VALUES('TFB-136','Tie Fighter B','Operational');
INSERT INTO tieInventory VALUES('TFI-123','Tie Fighter I','Destroyed');
INSERT INTO tieInventory VALUES('TFB-138','Tie Fighter B','Destroyed');
INSERT INTO tieInventory VALUES('TFB-139','Tie Fighter B','Operational');
INSERT INTO tieInventory VALUES('TFS-106','Tie Fighter S','Damaged');
INSERT INTO tieInventory VALUES('TFB-141','Tie Fighter B','Destroyed');
INSERT INTO tieInventory VALUES('TFS-108','Tie Fighter S','Damaged');
INSERT INTO tieInventory VALUES('TFB-143','Tie Fighter B','Damaged');
INSERT INTO tieInventory VALUES('TFSV-94','Tie Fighter SV','Operational');
INSERT INTO tieInventory VALUES('TFB-145','Tie Fighter B','Destroyed');
INSERT INTO tieInventory VALUES('TFB-146','Tie Fighter B','Destroyed');
INSERT INTO tieInventory VALUES('TFI-133','Tie Fighter I','Operational');
INSERT INTO tieInventory VALUES('TFS-114','Tie Fighter S','Destroyed');
INSERT INTO tieInventory VALUES('TFB-149','Tie Fighter B','Destroyed');
INSERT INTO tieInventory VALUES('TFS-116','Tie Fighter S','Operational');